Name,Gender
Aarav,Male
Ananya,Female
Vivaan,Male
Diya,Female
Aryan,Male
Isha,Female
Karan,Male
Sanya,Female
Rohan,Male
Meera,Female
Arjun,Male
Pooja,Female
Kabir,Male
Tara,Female
Raj,Male
Nisha,Female
Siddharth,Male
Riya,Female
Harsh,Male
Anjali,Female
Dev,Male
Priya,Female
Kunal,Male
Sneha,Female
Aman,Male
Neha,Female
Vikram,Male
Kavya,Female
Aditya,Male
Shruti,Female
Manish,Male
Swati,Female
Ramesh,Male
Alka,Female
Rahul,Male
Suman,Female
Aakash,Male
Geeta,Female
Suraj,Male
Lata,Female
Keshav,Male
Sunita,Female
Mohan,Male
Deepa,Female
Naveen,Male
Smita,Female
Ajay,Male
Pallavi,Female
Arvind,Male
Aarti,Female
Bhavesh,Male
Chitra,Female
Chetan,Male
Divya,Female
Dinesh,Male
Harini,Female
Gautam,Male
Ira,Female
Hari,Male
Jaya,Female
Indrajit,Male
Kalpana,Female
Jagdeep,Male
Leela,Female
Kishan,Male
Madhavi,Female
Lakshman,Male
Nandini,Female
Manoj,Male
Ojaswini,Female
Narendra,Male
Poonam,Female
Omkar,Male
Radha,Female
Prakash,Male
Sarita,Female
Rajesh,Male
Trisha,Female
Sandeep,Male
Uma,Female
Tarun,Male
Vaishnavi,Female
Umesh,Male
Yamini,Female
Vishal,Male
Zoya,Female
Abhishek,Male
Akanksha,Female
Bharat,Male
Bhavana,Female
Chirag,Male
Charu,Female
Darshan,Male
Dhriti,Female
Eshan,Male
Ekta,Female
Firoz,Male
Falguni,Female
Girish,Male
Gayatri,Female
Hemant,Male
Hema,Female
Irfan,Male
Indira,Female
Jatin,Male
Jyoti,Female
Kishore,Male
Kamini,Female
Lalit,Male
Lakshmi,Female
Mahesh,Male
Maya,Female
Nitin,Male
Namrata,Female
Omkesh,Male
Pragya,Female
Piyush,Male
Rajani,Female
Saket,Male
Seema,Female
Tushar,Male
Tejaswini,Female
Utkarsh,Male
Vandana,Female
Yash,Male
Snehal,Female
Nishant,Male
Vrinda,Female
Aniket,Male
Karishma,Female
Varun,Male
Parul,Female
Sameer,Male
Simran,Female
Ashok,Male
Rupali,Female
